time,energy,state_unit_0,state_unit_1,state_unit_2,state_unit_3,state_unit_4,state_unit_5,state_unit_6,state_unit_7,state_unit_8,state_unit_9
0.0,10.382429616197324,0.0,1.0,0.0,1.0,1.0,0.0,1.0,1.0,1.0,0.0
0.02004008016032064,-15.958155069560089,0.0,1.0,1.0,0.0,1.0,1.0,0.0,1.0,0.0,1.0
0.04008016032064128,-15.958155069560089,0.0,1.0,1.0,0.0,1.0,1.0,0.0,1.0,0.0,1.0
0.06012024048096192,-15.958155069560089,0.0,1.0,1.0,0.0,1.0,1.0,0.0,1.0,0.0,1.0
0.08016032064128256,-15.958155069560089,0.0,1.0,1.0,0.0,1.0,1.0,0.0,1.0,0.0,1.0
0.1002004008016032,-15.958155069560089,0.0,1.0,1.0,0.0,1.0,1.0,0.0,1.0,0.0,1.0
0.12024048096192384,-15.958155069560089,0.0,1.0,1.0,0.0,1.0,1.0,0.0,1.0,0.0,1.0
0.1402805611222445,-14.422057931172512,0.0,1.0,1.0,1.0,1.0,1.0,0.0,1.0,0.0,1.0
0.16032064128256512,-15.958155069560089,0.0,1.0,1.0,0.0,1.0,1.0,0.0,1.0,0.0,1.0
0.18036072144288576,-15.958155069560089,0.0,1.0,1.0,0.0,1.0,1.0,0.0,1.0,0.0,1.0
0.2004008016032064,-15.958155069560089,0.0,1.0,1.0,0.0,1.0,1.0,0.0,1.0,0.0,1.0
0.22044088176352705,-15.958155069560089,0.0,1.0,1.0,0.0,1.0,1.0,0.0,1.0,0.0,1.0
0.24048096192384769,-15.958155069560089,0.0,1.0,1.0,0.0,1.0,1.0,0.0,1.0,0.0,1.0
0.2605210420841683,-15.958155069560089,0.0,1.0,1.0,0.0,1.0,1.0,0.0,1.0,0.0,1.0
0.280561122244489,-15.958155069560089,0.0,1.0,1.0,0.0,1.0,1.0,0.0,1.0,0.0,1.0
0.3006012024048096,-15.958155069560089,0.0,1.0,1.0,0.0,1.0,1.0,0.0,1.0,0.0,1.0
0.32064128256513025,-15.958155069560089,0.0,1.0,1.0,0.0,1.0,1.0,0.0,1.0,0.0,1.0
0.3406813627254509,-15.958155069560089,0.0,1.0,1.0,0.0,1.0,1.0,0.0,1.0,0.0,1.0
0.3607214428857715,-14.422057931172512,0.0,1.0,1.0,1.0,1.0,1.0,0.0,1.0,0.0,1.0
0.3807615230460922,-15.958155069560089,0.0,1.0,1.0,0.0,1.0,1.0,0.0,1.0,0.0,1.0
0.4008016032064128,-15.958155069560089,0.0,1.0,1.0,0.0,1.0,1.0,0.0,1.0,0.0,1.0
0.42084168336673344,-15.958155069560089,0.0,1.0,1.0,0.0,1.0,1.0,0.0,1.0,0.0,1.0
0.4408817635270541,-14.422057931172512,0.0,1.0,1.0,1.0,1.0,1.0,0.0,1.0,0.0,1.0
0.4609218436873747,-15.958155069560089,0.0,1.0,1.0,0.0,1.0,1.0,0.0,1.0,0.0,1.0
0.48096192384769537,-15.958155069560089,0.0,1.0,1.0,0.0,1.0,1.0,0.0,1.0,0.0,1.0
0.501002004008016,-15.958155069560089,0.0,1.0,1.0,0.0,1.0,1.0,0.0,1.0,0.0,1.0
0.5210420841683366,-14.203077480886408,1.0,1.0,1.0,1.0,1.0,1.0,0.0,1.0,0.0,1.0
0.5410821643286573,-15.958155069560089,0.0,1.0,1.0,0.0,1.0,1.0,0.0,1.0,0.0,1.0
0.561122244488978,-15.958155069560089,0.0,1.0,1.0,0.0,1.0,1.0,0.0,1.0,0.0,1.0
0.5811623246492986,-15.958155069560089,0.0,1.0,1.0,0.0,1.0,1.0,0.0,1.0,0.0,1.0
0.6012024048096192,-12.739174619273985,1.0,1.0,1.0,0.0,1.0,1.0,0.0,1.0,0.0,1.0
0.6212424849699398,-15.958155069560089,0.0,1.0,1.0,0.0,1.0,1.0,0.0,1.0,0.0,1.0
0.6412825651302605,-15.958155069560089,0.0,1.0,1.0,0.0,1.0,1.0,0.0,1.0,0.0,1.0
0.6613226452905812,-14.422057931172512,0.0,1.0,1.0,1.0,1.0,1.0,0.0,1.0,0.0,1.0
0.6813627254509018,-15.958155069560089,0.0,1.0,1.0,0.0,1.0,1.0,0.0,1.0,0.0,1.0
0.7014028056112224,-15.958155069560089,0.0,1.0,1.0,0.0,1.0,1.0,0.0,1.0,0.0,1.0
0.721442885771543,-14.422057931172512,0.0,1.0,1.0,1.0,1.0,1.0,0.0,1.0,0.0,1.0
0.7414829659318637,-15.958155069560089,0.0,1.0,1.0,0.0,1.0,1.0,0.0,1.0,0.0,1.0
0.7615230460921844,-15.958155069560089,0.0,1.0,1.0,0.0,1.0,1.0,0.0,1.0,0.0,1.0
0.781563126252505,-15.958155069560089,0.0,1.0,1.0,0.0,1.0,1.0,0.0,1.0,0.0,1.0
0.8016032064128256,-15.958155069560089,0.0,1.0,1.0,0.0,1.0,1.0,0.0,1.0,0.0,1.0
0.8216432865731462,-15.958155069560089,0.0,1.0,1.0,0.0,1.0,1.0,0.0,1.0,0.0,1.0
0.8416833667334669,-15.958155069560089,0.0,1.0,1.0,0.0,1.0,1.0,0.0,1.0,0.0,1.0
0.8617234468937875,-15.958155069560089,0.0,1.0,1.0,0.0,1.0,1.0,0.0,1.0,0.0,1.0
0.8817635270541082,-15.958155069560089,0.0,1.0,1.0,0.0,1.0,1.0,0.0,1.0,0.0,1.0
0.9018036072144289,-15.958155069560089,0.0,1.0,1.0,0.0,1.0,1.0,0.0,1.0,0.0,1.0
0.9218436873747494,-15.958155069560089,0.0,1.0,1.0,0.0,1.0,1.0,0.0,1.0,0.0,1.0
0.9418837675350701,-15.958155069560089,0.0,1.0,1.0,0.0,1.0,1.0,0.0,1.0,0.0,1.0
0.9619238476953907,-15.958155069560089,0.0,1.0,1.0,0.0,1.0,1.0,0.0,1.0,0.0,1.0
0.9819639278557114,-15.958155069560089,0.0,1.0,1.0,0.0,1.0,1.0,0.0,1.0,0.0,1.0
1.002004008016032,-15.958155069560089,0.0,1.0,1.0,0.0,1.0,1.0,0.0,1.0,0.0,1.0
1.0220440881763526,-15.958155069560089,0.0,1.0,1.0,0.0,1.0,1.0,0.0,1.0,0.0,1.0
1.0420841683366733,-15.958155069560089,0.0,1.0,1.0,0.0,1.0,1.0,0.0,1.0,0.0,1.0
1.062124248496994,-15.958155069560089,0.0,1.0,1.0,0.0,1.0,1.0,0.0,1.0,0.0,1.0
1.0821643286573146,-15.958155069560089,0.0,1.0,1.0,0.0,1.0,1.0,0.0,1.0,0.0,1.0
1.1022044088176353,-15.958155069560089,0.0,1.0,1.0,0.0,1.0,1.0,0.0,1.0,0.0,1.0
1.122244488977956,-15.958155069560089,0.0,1.0,1.0,0.0,1.0,1.0,0.0,1.0,0.0,1.0
1.1422845691382766,-13.307836213382991,0.0,1.0,1.0,0.0,1.0,1.0,0.0,0.0,0.0,1.0
1.1623246492985972,-15.958155069560089,0.0,1.0,1.0,0.0,1.0,1.0,0.0,1.0,0.0,1.0
1.1823647294589177,-15.958155069560089,0.0,1.0,1.0,0.0,1.0,1.0,0.0,1.0,0.0,1.0
1.2024048096192383,-15.958155069560089,0.0,1.0,1.0,0.0,1.0,1.0,0.0,1.0,0.0,1.0
1.222444889779559,-15.958155069560089,0.0,1.0,1.0,0.0,1.0,1.0,0.0,1.0,0.0,1.0
1.2424849699398797,-15.958155069560089,0.0,1.0,1.0,0.0,1.0,1.0,0.0,1.0,0.0,1.0
1.2625250501002003,-15.958155069560089,0.0,1.0,1.0,0.0,1.0,1.0,0.0,1.0,0.0,1.0
1.282565130260521,-15.958155069560089,0.0,1.0,1.0,0.0,1.0,1.0,0.0,1.0,0.0,1.0
1.3026052104208417,-15.958155069560089,0.0,1.0,1.0,0.0,1.0,1.0,0.0,1.0,0.0,1.0
1.3226452905811623,-15.958155069560089,0.0,1.0,1.0,0.0,1.0,1.0,0.0,1.0,0.0,1.0
1.342685370741483,-15.958155069560089,0.0,1.0,1.0,0.0,1.0,1.0,0.0,1.0,0.0,1.0
1.3627254509018036,-15.958155069560089,0.0,1.0,1.0,0.0,1.0,1.0,0.0,1.0,0.0,1.0
1.3827655310621243,-15.958155069560089,0.0,1.0,1.0,0.0,1.0,1.0,0.0,1.0,0.0,1.0
1.4028056112224447,-15.958155069560089,0.0,1.0,1.0,0.0,1.0,1.0,0.0,1.0,0.0,1.0
1.4228456913827654,-15.958155069560089,0.0,1.0,1.0,0.0,1.0,1.0,0.0,1.0,0.0,1.0
1.442885771543086,-15.958155069560089,0.0,1.0,1.0,0.0,1.0,1.0,0.0,1.0,0.0,1.0
1.4629258517034067,-15.958155069560089,0.0,1.0,1.0,0.0,1.0,1.0,0.0,1.0,0.0,1.0
1.4829659318637274,-15.958155069560089,0.0,1.0,1.0,0.0,1.0,1.0,0.0,1.0,0.0,1.0
1.503006012024048,-15.958155069560089,0.0,1.0,1.0,0.0,1.0,1.0,0.0,1.0,0.0,1.0
1.5230460921843687,-15.958155069560089,0.0,1.0,1.0,0.0,1.0,1.0,0.0,1.0,0.0,1.0
1.5430861723446894,-15.958155069560089,0.0,1.0,1.0,0.0,1.0,1.0,0.0,1.0,0.0,1.0
1.56312625250501,-15.958155069560089,0.0,1.0,1.0,0.0,1.0,1.0,0.0,1.0,0.0,1.0
1.5831663326653307,-15.958155069560089,0.0,1.0,1.0,0.0,1.0,1.0,0.0,1.0,0.0,1.0
1.6032064128256511,-15.958155069560089,0.0,1.0,1.0,0.0,1.0,1.0,0.0,1.0,0.0,1.0
1.6232464929859718,-15.958155069560089,0.0,1.0,1.0,0.0,1.0,1.0,0.0,1.0,0.0,1.0
1.6432865731462925,-15.958155069560089,0.0,1.0,1.0,0.0,1.0,1.0,0.0,1.0,0.0,1.0
1.6633266533066131,-15.958155069560089,0.0,1.0,1.0,0.0,1.0,1.0,0.0,1.0,0.0,1.0
1.6833667334669338,-15.958155069560089,0.0,1.0,1.0,0.0,1.0,1.0,0.0,1.0,0.0,1.0
1.7034068136272544,-14.422057931172512,0.0,1.0,1.0,1.0,1.0,1.0,0.0,1.0,0.0,1.0
1.723446893787575,-15.958155069560089,0.0,1.0,1.0,0.0,1.0,1.0,0.0,1.0,0.0,1.0
1.7434869739478958,-15.958155069560089,0.0,1.0,1.0,0.0,1.0,1.0,0.0,1.0,0.0,1.0
1.7635270541082164,-15.958155069560089,0.0,1.0,1.0,0.0,1.0,1.0,0.0,1.0,0.0,1.0
1.783567134268537,-15.958155069560089,0.0,1.0,1.0,0.0,1.0,1.0,0.0,1.0,0.0,1.0
1.8036072144288577,-15.958155069560089,0.0,1.0,1.0,0.0,1.0,1.0,0.0,1.0,0.0,1.0
1.8236472945891782,-15.958155069560089,0.0,1.0,1.0,0.0,1.0,1.0,0.0,1.0,0.0,1.0
1.8436873747494988,-15.958155069560089,0.0,1.0,1.0,0.0,1.0,1.0,0.0,1.0,0.0,1.0
1.8637274549098195,-15.958155069560089,0.0,1.0,1.0,0.0,1.0,1.0,0.0,1.0,0.0,1.0
1.8837675350701402,-15.958155069560089,0.0,1.0,1.0,0.0,1.0,1.0,0.0,1.0,0.0,1.0
1.9038076152304608,-15.958155069560089,0.0,1.0,1.0,0.0,1.0,1.0,0.0,1.0,0.0,1.0
1.9238476953907815,-14.422057931172512,0.0,1.0,1.0,1.0,1.0,1.0,0.0,1.0,0.0,1.0
1.9438877755511021,-15.958155069560089,0.0,1.0,1.0,0.0,1.0,1.0,0.0,1.0,0.0,1.0
1.9639278557114228,-15.958155069560089,0.0,1.0,1.0,0.0,1.0,1.0,0.0,1.0,0.0,1.0
1.9839679358717435,-15.958155069560089,0.0,1.0,1.0,0.0,1.0,1.0,0.0,1.0,0.0,1.0
2.004008016032064,-15.958155069560089,0.0,1.0,1.0,0.0,1.0,1.0,0.0,1.0,0.0,1.0
2.024048096192385,-15.958155069560089,0.0,1.0,1.0,0.0,1.0,1.0,0.0,1.0,0.0,1.0
2.0440881763527052,-15.958155069560089,0.0,1.0,1.0,0.0,1.0,1.0,0.0,1.0,0.0,1.0
2.064128256513026,-15.958155069560089,0.0,1.0,1.0,0.0,1.0,1.0,0.0,1.0,0.0,1.0
2.0841683366733466,-15.958155069560089,0.0,1.0,1.0,0.0,1.0,1.0,0.0,1.0,0.0,1.0
2.1042084168336674,-15.958155069560089,0.0,1.0,1.0,0.0,1.0,1.0,0.0,1.0,0.0,1.0
2.124248496993988,-15.958155069560089,0.0,1.0,1.0,0.0,1.0,1.0,0.0,1.0,0.0,1.0
2.1442885771543083,-15.958155069560089,0.0,1.0,1.0,0.0,1.0,1.0,0.0,1.0,0.0,1.0
2.164328657314629,-15.958155069560089,0.0,1.0,1.0,0.0,1.0,1.0,0.0,1.0,0.0,1.0
2.1843687374749496,-14.422057931172512,0.0,1.0,1.0,1.0,1.0,1.0,0.0,1.0,0.0,1.0
2.2044088176352705,-15.958155069560089,0.0,1.0,1.0,0.0,1.0,1.0,0.0,1.0,0.0,1.0
2.224448897795591,-15.958155069560089,0.0,1.0,1.0,0.0,1.0,1.0,0.0,1.0,0.0,1.0
2.244488977955912,-15.958155069560089,0.0,1.0,1.0,0.0,1.0,1.0,0.0,1.0,0.0,1.0
2.2645290581162323,-15.958155069560089,0.0,1.0,1.0,0.0,1.0,1.0,0.0,1.0,0.0,1.0
2.284569138276553,-15.958155069560089,0.0,1.0,1.0,0.0,1.0,1.0,0.0,1.0,0.0,1.0
2.3046092184368736,-15.958155069560089,0.0,1.0,1.0,0.0,1.0,1.0,0.0,1.0,0.0,1.0
2.3246492985971945,-15.958155069560089,0.0,1.0,1.0,0.0,1.0,1.0,0.0,1.0,0.0,1.0
2.344689378757515,-15.958155069560089,0.0,1.0,1.0,0.0,1.0,1.0,0.0,1.0,0.0,1.0
2.3647294589178354,-15.958155069560089,0.0,1.0,1.0,0.0,1.0,1.0,0.0,1.0,0.0,1.0
2.3847695390781563,-15.958155069560089,0.0,1.0,1.0,0.0,1.0,1.0,0.0,1.0,0.0,1.0
2.4048096192384767,-12.739174619273985,1.0,1.0,1.0,0.0,1.0,1.0,0.0,1.0,0.0,1.0
2.4248496993987976,-15.958155069560089,0.0,1.0,1.0,0.0,1.0,1.0,0.0,1.0,0.0,1.0
2.444889779559118,-15.958155069560089,0.0,1.0,1.0,0.0,1.0,1.0,0.0,1.0,0.0,1.0
2.464929859719439,-15.958155069560089,0.0,1.0,1.0,0.0,1.0,1.0,0.0,1.0,0.0,1.0
2.4849699398797593,-15.958155069560089,0.0,1.0,1.0,0.0,1.0,1.0,0.0,1.0,0.0,1.0
2.50501002004008,-15.958155069560089,0.0,1.0,1.0,0.0,1.0,1.0,0.0,1.0,0.0,1.0
2.5250501002004007,-15.958155069560089,0.0,1.0,1.0,0.0,1.0,1.0,0.0,1.0,0.0,1.0
2.5450901803607215,-15.958155069560089,0.0,1.0,1.0,0.0,1.0,1.0,0.0,1.0,0.0,1.0
2.565130260521042,-15.958155069560089,0.0,1.0,1.0,0.0,1.0,1.0,0.0,1.0,0.0,1.0
2.5851703406813624,-15.958155069560089,0.0,1.0,1.0,0.0,1.0,1.0,0.0,1.0,0.0,1.0
2.6052104208416833,-15.958155069560089,0.0,1.0,1.0,0.0,1.0,1.0,0.0,1.0,0.0,1.0
2.6252505010020037,-15.958155069560089,0.0,1.0,1.0,0.0,1.0,1.0,0.0,1.0,0.0,1.0
2.6452905811623246,-15.958155069560089,0.0,1.0,1.0,0.0,1.0,1.0,0.0,1.0,0.0,1.0
2.665330661322645,-15.958155069560089,0.0,1.0,1.0,0.0,1.0,1.0,0.0,1.0,0.0,1.0
2.685370741482966,-15.958155069560089,0.0,1.0,1.0,0.0,1.0,1.0,0.0,1.0,0.0,1.0
2.7054108216432864,-15.958155069560089,0.0,1.0,1.0,0.0,1.0,1.0,0.0,1.0,0.0,1.0
2.7254509018036073,-15.958155069560089,0.0,1.0,1.0,0.0,1.0,1.0,0.0,1.0,0.0,1.0
2.7454909819639277,-15.958155069560089,0.0,1.0,1.0,0.0,1.0,1.0,0.0,1.0,0.0,1.0
2.7655310621242486,-15.958155069560089,0.0,1.0,1.0,0.0,1.0,1.0,0.0,1.0,0.0,1.0
2.785571142284569,-15.958155069560089,0.0,1.0,1.0,0.0,1.0,1.0,0.0,1.0,0.0,1.0
2.8056112224448895,-15.958155069560089,0.0,1.0,1.0,0.0,1.0,1.0,0.0,1.0,0.0,1.0
2.8256513026052104,-15.958155069560089,0.0,1.0,1.0,0.0,1.0,1.0,0.0,1.0,0.0,1.0
2.845691382765531,-15.958155069560089,0.0,1.0,1.0,0.0,1.0,1.0,0.0,1.0,0.0,1.0
2.8657314629258517,-15.958155069560089,0.0,1.0,1.0,0.0,1.0,1.0,0.0,1.0,0.0,1.0
2.885771543086172,-14.203077480886408,1.0,1.0,1.0,1.0,1.0,1.0,0.0,1.0,0.0,1.0
2.905811623246493,-15.958155069560089,0.0,1.0,1.0,0.0,1.0,1.0,0.0,1.0,0.0,1.0
2.9258517034068134,-15.958155069560089,0.0,1.0,1.0,0.0,1.0,1.0,0.0,1.0,0.0,1.0
2.9458917835671343,-15.958155069560089,0.0,1.0,1.0,0.0,1.0,1.0,0.0,1.0,0.0,1.0
2.9659318637274548,-15.958155069560089,0.0,1.0,1.0,0.0,1.0,1.0,0.0,1.0,0.0,1.0
2.9859719438877756,-15.958155069560089,0.0,1.0,1.0,0.0,1.0,1.0,0.0,1.0,0.0,1.0
3.006012024048096,-14.422057931172512,0.0,1.0,1.0,1.0,1.0,1.0,0.0,1.0,0.0,1.0
3.0260521042084165,-15.958155069560089,0.0,1.0,1.0,0.0,1.0,1.0,0.0,1.0,0.0,1.0
3.0460921843687374,-15.958155069560089,0.0,1.0,1.0,0.0,1.0,1.0,0.0,1.0,0.0,1.0
3.066132264529058,-15.958155069560089,0.0,1.0,1.0,0.0,1.0,1.0,0.0,1.0,0.0,1.0
3.0861723446893787,-15.958155069560089,0.0,1.0,1.0,0.0,1.0,1.0,0.0,1.0,0.0,1.0
3.106212424849699,-15.958155069560089,0.0,1.0,1.0,0.0,1.0,1.0,0.0,1.0,0.0,1.0
3.12625250501002,-15.958155069560089,0.0,1.0,1.0,0.0,1.0,1.0,0.0,1.0,0.0,1.0
3.1462925851703405,-15.958155069560089,0.0,1.0,1.0,0.0,1.0,1.0,0.0,1.0,0.0,1.0
3.1663326653306614,-15.958155069560089,0.0,1.0,1.0,0.0,1.0,1.0,0.0,1.0,0.0,1.0
3.186372745490982,-15.958155069560089,0.0,1.0,1.0,0.0,1.0,1.0,0.0,1.0,0.0,1.0
3.2064128256513023,-15.958155069560089,0.0,1.0,1.0,0.0,1.0,1.0,0.0,1.0,0.0,1.0
3.226452905811623,-15.958155069560089,0.0,1.0,1.0,0.0,1.0,1.0,0.0,1.0,0.0,1.0
3.2464929859719436,-15.958155069560089,0.0,1.0,1.0,0.0,1.0,1.0,0.0,1.0,0.0,1.0
3.2665330661322645,-15.958155069560089,0.0,1.0,1.0,0.0,1.0,1.0,0.0,1.0,0.0,1.0
3.286573146292585,-15.958155069560089,0.0,1.0,1.0,0.0,1.0,1.0,0.0,1.0,0.0,1.0
3.306613226452906,-15.958155069560089,0.0,1.0,1.0,0.0,1.0,1.0,0.0,1.0,0.0,1.0
3.3266533066132262,-15.958155069560089,0.0,1.0,1.0,0.0,1.0,1.0,0.0,1.0,0.0,1.0
3.346693386773547,-14.422057931172512,0.0,1.0,1.0,1.0,1.0,1.0,0.0,1.0,0.0,1.0
3.3667334669338675,-14.422057931172512,0.0,1.0,1.0,1.0,1.0,1.0,0.0,1.0,0.0,1.0
3.3867735470941884,-15.958155069560089,0.0,1.0,1.0,0.0,1.0,1.0,0.0,1.0,0.0,1.0
3.406813627254509,-15.958155069560089,0.0,1.0,1.0,0.0,1.0,1.0,0.0,1.0,0.0,1.0
3.4268537074148293,-15.958155069560089,0.0,1.0,1.0,0.0,1.0,1.0,0.0,1.0,0.0,1.0
3.44689378757515,-15.958155069560089,0.0,1.0,1.0,0.0,1.0,1.0,0.0,1.0,0.0,1.0
3.4669338677354706,-15.958155069560089,0.0,1.0,1.0,0.0,1.0,1.0,0.0,1.0,0.0,1.0
3.4869739478957915,-15.958155069560089,0.0,1.0,1.0,0.0,1.0,1.0,0.0,1.0,0.0,1.0
3.507014028056112,-15.958155069560089,0.0,1.0,1.0,0.0,1.0,1.0,0.0,1.0,0.0,1.0
3.527054108216433,-15.958155069560089,0.0,1.0,1.0,0.0,1.0,1.0,0.0,1.0,0.0,1.0
3.5470941883767533,-15.958155069560089,0.0,1.0,1.0,0.0,1.0,1.0,0.0,1.0,0.0,1.0
3.567134268537074,-15.958155069560089,0.0,1.0,1.0,0.0,1.0,1.0,0.0,1.0,0.0,1.0
3.5871743486973946,-15.958155069560089,0.0,1.0,1.0,0.0,1.0,1.0,0.0,1.0,0.0,1.0
3.6072144288577155,-15.958155069560089,0.0,1.0,1.0,0.0,1.0,1.0,0.0,1.0,0.0,1.0
3.627254509018036,-14.422057931172512,0.0,1.0,1.0,1.0,1.0,1.0,0.0,1.0,0.0,1.0
3.6472945891783564,-15.958155069560089,0.0,1.0,1.0,0.0,1.0,1.0,0.0,1.0,0.0,1.0
3.6673346693386772,-15.958155069560089,0.0,1.0,1.0,0.0,1.0,1.0,0.0,1.0,0.0,1.0
3.6873747494989977,-15.958155069560089,0.0,1.0,1.0,0.0,1.0,1.0,0.0,1.0,0.0,1.0
3.7074148296593186,-15.958155069560089,0.0,1.0,1.0,0.0,1.0,1.0,0.0,1.0,0.0,1.0
3.727454909819639,-15.958155069560089,0.0,1.0,1.0,0.0,1.0,1.0,0.0,1.0,0.0,1.0
3.74749498997996,-15.958155069560089,0.0,1.0,1.0,0.0,1.0,1.0,0.0,1.0,0.0,1.0
3.7675350701402803,-14.422057931172512,0.0,1.0,1.0,1.0,1.0,1.0,0.0,1.0,0.0,1.0
3.787575150300601,-15.958155069560089,0.0,1.0,1.0,0.0,1.0,1.0,0.0,1.0,0.0,1.0
3.8076152304609217,-15.958155069560089,0.0,1.0,1.0,0.0,1.0,1.0,0.0,1.0,0.0,1.0
3.8276553106212425,-15.958155069560089,0.0,1.0,1.0,0.0,1.0,1.0,0.0,1.0,0.0,1.0
3.847695390781563,-15.958155069560089,0.0,1.0,1.0,0.0,1.0,1.0,0.0,1.0,0.0,1.0
3.8677354709418834,-15.958155069560089,0.0,1.0,1.0,0.0,1.0,1.0,0.0,1.0,0.0,1.0
3.8877755511022043,-15.958155069560089,0.0,1.0,1.0,0.0,1.0,1.0,0.0,1.0,0.0,1.0
3.9078156312625247,-15.958155069560089,0.0,1.0,1.0,0.0,1.0,1.0,0.0,1.0,0.0,1.0
3.9278557114228456,-15.958155069560089,0.0,1.0,1.0,0.0,1.0,1.0,0.0,1.0,0.0,1.0
3.947895791583166,-15.958155069560089,0.0,1.0,1.0,0.0,1.0,1.0,0.0,1.0,0.0,1.0
3.967935871743487,-15.958155069560089,0.0,1.0,1.0,0.0,1.0,1.0,0.0,1.0,0.0,1.0
3.9879759519038074,-15.958155069560089,0.0,1.0,1.0,0.0,1.0,1.0,0.0,1.0,0.0,1.0
4.008016032064128,-15.958155069560089,0.0,1.0,1.0,0.0,1.0,1.0,0.0,1.0,0.0,1.0
4.028056112224449,-15.958155069560089,0.0,1.0,1.0,0.0,1.0,1.0,0.0,1.0,0.0,1.0
4.04809619238477,-15.958155069560089,0.0,1.0,1.0,0.0,1.0,1.0,0.0,1.0,0.0,1.0
4.06813627254509,-15.958155069560089,0.0,1.0,1.0,0.0,1.0,1.0,0.0,1.0,0.0,1.0
4.0881763527054105,-15.958155069560089,0.0,1.0,1.0,0.0,1.0,1.0,0.0,1.0,0.0,1.0
4.108216432865731,-15.958155069560089,0.0,1.0,1.0,0.0,1.0,1.0,0.0,1.0,0.0,1.0
4.128256513026052,-15.958155069560089,0.0,1.0,1.0,0.0,1.0,1.0,0.0,1.0,0.0,1.0
4.148296593186372,-15.958155069560089,0.0,1.0,1.0,0.0,1.0,1.0,0.0,1.0,0.0,1.0
4.168336673346693,-15.958155069560089,0.0,1.0,1.0,0.0,1.0,1.0,0.0,1.0,0.0,1.0
4.188376753507014,-15.958155069560089,0.0,1.0,1.0,0.0,1.0,1.0,0.0,1.0,0.0,1.0
4.208416833667335,-15.958155069560089,0.0,1.0,1.0,0.0,1.0,1.0,0.0,1.0,0.0,1.0
4.228456913827655,-15.958155069560089,0.0,1.0,1.0,0.0,1.0,1.0,0.0,1.0,0.0,1.0
4.248496993987976,-12.739174619273985,1.0,1.0,1.0,0.0,1.0,1.0,0.0,1.0,0.0,1.0
4.268537074148297,-15.958155069560089,0.0,1.0,1.0,0.0,1.0,1.0,0.0,1.0,0.0,1.0
4.288577154308617,-15.958155069560089,0.0,1.0,1.0,0.0,1.0,1.0,0.0,1.0,0.0,1.0
4.3086172344689375,-15.958155069560089,0.0,1.0,1.0,0.0,1.0,1.0,0.0,1.0,0.0,1.0
4.328657314629258,-15.958155069560089,0.0,1.0,1.0,0.0,1.0,1.0,0.0,1.0,0.0,1.0
4.348697394789579,-15.958155069560089,0.0,1.0,1.0,0.0,1.0,1.0,0.0,1.0,0.0,1.0
4.368737474949899,-15.958155069560089,0.0,1.0,1.0,0.0,1.0,1.0,0.0,1.0,0.0,1.0
4.38877755511022,-15.958155069560089,0.0,1.0,1.0,0.0,1.0,1.0,0.0,1.0,0.0,1.0
4.408817635270541,-15.958155069560089,0.0,1.0,1.0,0.0,1.0,1.0,0.0,1.0,0.0,1.0
4.428857715430862,-15.958155069560089,0.0,1.0,1.0,0.0,1.0,1.0,0.0,1.0,0.0,1.0
4.448897795591182,-14.422057931172512,0.0,1.0,1.0,1.0,1.0,1.0,0.0,1.0,0.0,1.0
4.468937875751503,-15.958155069560089,0.0,1.0,1.0,0.0,1.0,1.0,0.0,1.0,0.0,1.0
4.488977955911824,-15.958155069560089,0.0,1.0,1.0,0.0,1.0,1.0,0.0,1.0,0.0,1.0
4.509018036072144,-15.958155069560089,0.0,1.0,1.0,0.0,1.0,1.0,0.0,1.0,0.0,1.0
4.529058116232465,-15.958155069560089,0.0,1.0,1.0,0.0,1.0,1.0,0.0,1.0,0.0,1.0
4.5490981963927855,-15.958155069560089,0.0,1.0,1.0,0.0,1.0,1.0,0.0,1.0,0.0,1.0
4.569138276553106,-15.958155069560089,0.0,1.0,1.0,0.0,1.0,1.0,0.0,1.0,0.0,1.0
4.589178356713426,-15.958155069560089,0.0,1.0,1.0,0.0,1.0,1.0,0.0,1.0,0.0,1.0
4.609218436873747,-15.958155069560089,0.0,1.0,1.0,0.0,1.0,1.0,0.0,1.0,0.0,1.0
4.629258517034068,-15.958155069560089,0.0,1.0,1.0,0.0,1.0,1.0,0.0,1.0,0.0,1.0
4.649298597194389,-15.958155069560089,0.0,1.0,1.0,0.0,1.0,1.0,0.0,1.0,0.0,1.0
4.669338677354709,-15.958155069560089,0.0,1.0,1.0,0.0,1.0,1.0,0.0,1.0,0.0,1.0
4.68937875751503,-15.958155069560089,0.0,1.0,1.0,0.0,1.0,1.0,0.0,1.0,0.0,1.0
4.709418837675351,-15.958155069560089,0.0,1.0,1.0,0.0,1.0,1.0,0.0,1.0,0.0,1.0
4.729458917835671,-15.958155069560089,0.0,1.0,1.0,0.0,1.0,1.0,0.0,1.0,0.0,1.0
4.749498997995992,-15.958155069560089,0.0,1.0,1.0,0.0,1.0,1.0,0.0,1.0,0.0,1.0
4.7695390781563125,-15.958155069560089,0.0,1.0,1.0,0.0,1.0,1.0,0.0,1.0,0.0,1.0
4.789579158316633,-15.958155069560089,0.0,1.0,1.0,0.0,1.0,1.0,0.0,1.0,0.0,1.0
4.809619238476953,-15.958155069560089,0.0,1.0,1.0,0.0,1.0,1.0,0.0,1.0,0.0,1.0
4.829659318637274,-15.958155069560089,0.0,1.0,1.0,0.0,1.0,1.0,0.0,1.0,0.0,1.0
4.849699398797595,-15.958155069560089,0.0,1.0,1.0,0.0,1.0,1.0,0.0,1.0,0.0,1.0
4.869739478957916,-15.958155069560089,0.0,1.0,1.0,0.0,1.0,1.0,0.0,1.0,0.0,1.0
4.889779559118236,-15.958155069560089,0.0,1.0,1.0,0.0,1.0,1.0,0.0,1.0,0.0,1.0
4.909819639278557,-15.958155069560089,0.0,1.0,1.0,0.0,1.0,1.0,0.0,1.0,0.0,1.0
4.929859719438878,-15.958155069560089,0.0,1.0,1.0,0.0,1.0,1.0,0.0,1.0,0.0,1.0
4.949899799599198,-15.958155069560089,0.0,1.0,1.0,0.0,1.0,1.0,0.0,1.0,0.0,1.0
4.969939879759519,-15.958155069560089,0.0,1.0,1.0,0.0,1.0,1.0,0.0,1.0,0.0,1.0
4.98997995991984,-15.958155069560089,0.0,1.0,1.0,0.0,1.0,1.0,0.0,1.0,0.0,1.0
5.01002004008016,-15.958155069560089,0.0,1.0,1.0,0.0,1.0,1.0,0.0,1.0,0.0,1.0
5.03006012024048,-15.958155069560089,0.0,1.0,1.0,0.0,1.0,1.0,0.0,1.0,0.0,1.0
5.050100200400801,-15.958155069560089,0.0,1.0,1.0,0.0,1.0,1.0,0.0,1.0,0.0,1.0
5.070140280561122,-15.958155069560089,0.0,1.0,1.0,0.0,1.0,1.0,0.0,1.0,0.0,1.0
5.090180360721443,-15.958155069560089,0.0,1.0,1.0,0.0,1.0,1.0,0.0,1.0,0.0,1.0
5.110220440881763,-15.958155069560089,0.0,1.0,1.0,0.0,1.0,1.0,0.0,1.0,0.0,1.0
5.130260521042084,-15.958155069560089,0.0,1.0,1.0,0.0,1.0,1.0,0.0,1.0,0.0,1.0
5.150300601202405,-15.958155069560089,0.0,1.0,1.0,0.0,1.0,1.0,0.0,1.0,0.0,1.0
5.170340681362725,-15.958155069560089,0.0,1.0,1.0,0.0,1.0,1.0,0.0,1.0,0.0,1.0
5.190380761523046,-15.958155069560089,0.0,1.0,1.0,0.0,1.0,1.0,0.0,1.0,0.0,1.0
5.210420841683367,-15.958155069560089,0.0,1.0,1.0,0.0,1.0,1.0,0.0,1.0,0.0,1.0
5.2304609218436875,-15.958155069560089,0.0,1.0,1.0,0.0,1.0,1.0,0.0,1.0,0.0,1.0
5.2505010020040075,-15.958155069560089,0.0,1.0,1.0,0.0,1.0,1.0,0.0,1.0,0.0,1.0
5.270541082164328,-15.958155069560089,0.0,1.0,1.0,0.0,1.0,1.0,0.0,1.0,0.0,1.0
5.290581162324649,-15.958155069560089,0.0,1.0,1.0,0.0,1.0,1.0,0.0,1.0,0.0,1.0
5.31062124248497,-15.958155069560089,0.0,1.0,1.0,0.0,1.0,1.0,0.0,1.0,0.0,1.0
5.33066132264529,-15.958155069560089,0.0,1.0,1.0,0.0,1.0,1.0,0.0,1.0,0.0,1.0
5.350701402805611,-15.958155069560089,0.0,1.0,1.0,0.0,1.0,1.0,0.0,1.0,0.0,1.0
5.370741482965932,-15.958155069560089,0.0,1.0,1.0,0.0,1.0,1.0,0.0,1.0,0.0,1.0
5.390781563126252,-15.958155069560089,0.0,1.0,1.0,0.0,1.0,1.0,0.0,1.0,0.0,1.0
5.410821643286573,-15.958155069560089,0.0,1.0,1.0,0.0,1.0,1.0,0.0,1.0,0.0,1.0
5.430861723446894,-15.958155069560089,0.0,1.0,1.0,0.0,1.0,1.0,0.0,1.0,0.0,1.0
5.4509018036072145,-15.958155069560089,0.0,1.0,1.0,0.0,1.0,1.0,0.0,1.0,0.0,1.0
5.4709418837675345,-15.958155069560089,0.0,1.0,1.0,0.0,1.0,1.0,0.0,1.0,0.0,1.0
5.490981963927855,-15.958155069560089,0.0,1.0,1.0,0.0,1.0,1.0,0.0,1.0,0.0,1.0
5.511022044088176,-15.958155069560089,0.0,1.0,1.0,0.0,1.0,1.0,0.0,1.0,0.0,1.0
5.531062124248497,-15.958155069560089,0.0,1.0,1.0,0.0,1.0,1.0,0.0,1.0,0.0,1.0
5.551102204408817,-15.958155069560089,0.0,1.0,1.0,0.0,1.0,1.0,0.0,1.0,0.0,1.0
5.571142284569138,-15.958155069560089,0.0,1.0,1.0,0.0,1.0,1.0,0.0,1.0,0.0,1.0
5.591182364729459,-14.422057931172512,0.0,1.0,1.0,1.0,1.0,1.0,0.0,1.0,0.0,1.0
5.611222444889779,-15.958155069560089,0.0,1.0,1.0,0.0,1.0,1.0,0.0,1.0,0.0,1.0
5.6312625250501,-15.958155069560089,0.0,1.0,1.0,0.0,1.0,1.0,0.0,1.0,0.0,1.0
5.651302605210421,-15.958155069560089,0.0,1.0,1.0,0.0,1.0,1.0,0.0,1.0,0.0,1.0
5.671342685370742,-15.958155069560089,0.0,1.0,1.0,0.0,1.0,1.0,0.0,1.0,0.0,1.0
5.691382765531062,-15.958155069560089,0.0,1.0,1.0,0.0,1.0,1.0,0.0,1.0,0.0,1.0
5.7114228456913825,-14.422057931172512,0.0,1.0,1.0,1.0,1.0,1.0,0.0,1.0,0.0,1.0
5.731462925851703,-15.958155069560089,0.0,1.0,1.0,0.0,1.0,1.0,0.0,1.0,0.0,1.0
5.751503006012024,-15.958155069560089,0.0,1.0,1.0,0.0,1.0,1.0,0.0,1.0,0.0,1.0
5.771543086172344,-15.958155069560089,0.0,1.0,1.0,0.0,1.0,1.0,0.0,1.0,0.0,1.0
5.791583166332665,-15.958155069560089,0.0,1.0,1.0,0.0,1.0,1.0,0.0,1.0,0.0,1.0
5.811623246492986,-14.422057931172512,0.0,1.0,1.0,1.0,1.0,1.0,0.0,1.0,0.0,1.0
5.831663326653306,-15.958155069560089,0.0,1.0,1.0,0.0,1.0,1.0,0.0,1.0,0.0,1.0
5.851703406813627,-15.958155069560089,0.0,1.0,1.0,0.0,1.0,1.0,0.0,1.0,0.0,1.0
5.871743486973948,-15.958155069560089,0.0,1.0,1.0,0.0,1.0,1.0,0.0,1.0,0.0,1.0
5.891783567134269,-15.958155069560089,0.0,1.0,1.0,0.0,1.0,1.0,0.0,1.0,0.0,1.0
5.911823647294589,-15.958155069560089,0.0,1.0,1.0,0.0,1.0,1.0,0.0,1.0,0.0,1.0
5.9318637274549095,-15.958155069560089,0.0,1.0,1.0,0.0,1.0,1.0,0.0,1.0,0.0,1.0
5.95190380761523,-15.958155069560089,0.0,1.0,1.0,0.0,1.0,1.0,0.0,1.0,0.0,1.0
5.971943887775551,-15.958155069560089,0.0,1.0,1.0,0.0,1.0,1.0,0.0,1.0,0.0,1.0
5.991983967935871,-15.958155069560089,0.0,1.0,1.0,0.0,1.0,1.0,0.0,1.0,0.0,1.0
6.012024048096192,-15.958155069560089,0.0,1.0,1.0,0.0,1.0,1.0,0.0,1.0,0.0,1.0
6.032064128256513,-15.958155069560089,0.0,1.0,1.0,0.0,1.0,1.0,0.0,1.0,0.0,1.0
6.052104208416833,-15.958155069560089,0.0,1.0,1.0,0.0,1.0,1.0,0.0,1.0,0.0,1.0
6.072144288577154,-15.958155069560089,0.0,1.0,1.0,0.0,1.0,1.0,0.0,1.0,0.0,1.0
6.092184368737475,-15.958155069560089,0.0,1.0,1.0,0.0,1.0,1.0,0.0,1.0,0.0,1.0
6.112224448897796,-15.958155069560089,0.0,1.0,1.0,0.0,1.0,1.0,0.0,1.0,0.0,1.0
6.132264529058116,-15.958155069560089,0.0,1.0,1.0,0.0,1.0,1.0,0.0,1.0,0.0,1.0
6.152304609218437,-15.958155069560089,0.0,1.0,1.0,0.0,1.0,1.0,0.0,1.0,0.0,1.0
6.1723446893787575,-15.958155069560089,0.0,1.0,1.0,0.0,1.0,1.0,0.0,1.0,0.0,1.0
6.192384769539078,-15.958155069560089,0.0,1.0,1.0,0.0,1.0,1.0,0.0,1.0,0.0,1.0
6.212424849699398,-15.958155069560089,0.0,1.0,1.0,0.0,1.0,1.0,0.0,1.0,0.0,1.0
6.232464929859719,-15.958155069560089,0.0,1.0,1.0,0.0,1.0,1.0,0.0,1.0,0.0,1.0
6.25250501002004,-15.958155069560089,0.0,1.0,1.0,0.0,1.0,1.0,0.0,1.0,0.0,1.0
6.27254509018036,-15.958155069560089,0.0,1.0,1.0,0.0,1.0,1.0,0.0,1.0,0.0,1.0
6.292585170340681,-15.958155069560089,0.0,1.0,1.0,0.0,1.0,1.0,0.0,1.0,0.0,1.0
6.312625250501002,-15.958155069560089,0.0,1.0,1.0,0.0,1.0,1.0,0.0,1.0,0.0,1.0
6.332665330661323,-15.958155069560089,0.0,1.0,1.0,0.0,1.0,1.0,0.0,1.0,0.0,1.0
6.352705410821643,-15.958155069560089,0.0,1.0,1.0,0.0,1.0,1.0,0.0,1.0,0.0,1.0
6.372745490981964,-15.958155069560089,0.0,1.0,1.0,0.0,1.0,1.0,0.0,1.0,0.0,1.0
6.3927855711422845,-15.958155069560089,0.0,1.0,1.0,0.0,1.0,1.0,0.0,1.0,0.0,1.0
6.4128256513026045,-15.958155069560089,0.0,1.0,1.0,0.0,1.0,1.0,0.0,1.0,0.0,1.0
6.432865731462925,-15.958155069560089,0.0,1.0,1.0,0.0,1.0,1.0,0.0,1.0,0.0,1.0
6.452905811623246,-15.958155069560089,0.0,1.0,1.0,0.0,1.0,1.0,0.0,1.0,0.0,1.0
6.472945891783567,-13.307836213382991,0.0,1.0,1.0,0.0,1.0,1.0,0.0,0.0,0.0,1.0
6.492985971943887,-15.958155069560089,0.0,1.0,1.0,0.0,1.0,1.0,0.0,1.0,0.0,1.0
6.513026052104208,-15.958155069560089,0.0,1.0,1.0,0.0,1.0,1.0,0.0,1.0,0.0,1.0
6.533066132264529,-15.958155069560089,0.0,1.0,1.0,0.0,1.0,1.0,0.0,1.0,0.0,1.0
6.55310621242485,-15.958155069560089,0.0,1.0,1.0,0.0,1.0,1.0,0.0,1.0,0.0,1.0
6.57314629258517,-15.958155069560089,0.0,1.0,1.0,0.0,1.0,1.0,0.0,1.0,0.0,1.0
6.593186372745491,-15.958155069560089,0.0,1.0,1.0,0.0,1.0,1.0,0.0,1.0,0.0,1.0
6.613226452905812,-15.958155069560089,0.0,1.0,1.0,0.0,1.0,1.0,0.0,1.0,0.0,1.0
6.633266533066132,-15.958155069560089,0.0,1.0,1.0,0.0,1.0,1.0,0.0,1.0,0.0,1.0
6.6533066132264524,-15.958155069560089,0.0,1.0,1.0,0.0,1.0,1.0,0.0,1.0,0.0,1.0
6.673346693386773,-15.958155069560089,0.0,1.0,1.0,0.0,1.0,1.0,0.0,1.0,0.0,1.0
6.693386773547094,-15.958155069560089,0.0,1.0,1.0,0.0,1.0,1.0,0.0,1.0,0.0,1.0
6.713426853707414,-15.958155069560089,0.0,1.0,1.0,0.0,1.0,1.0,0.0,1.0,0.0,1.0
6.733466933867735,-15.958155069560089,0.0,1.0,1.0,0.0,1.0,1.0,0.0,1.0,0.0,1.0
6.753507014028056,-15.958155069560089,0.0,1.0,1.0,0.0,1.0,1.0,0.0,1.0,0.0,1.0
6.773547094188377,-15.958155069560089,0.0,1.0,1.0,0.0,1.0,1.0,0.0,1.0,0.0,1.0
6.793587174348697,-15.958155069560089,0.0,1.0,1.0,0.0,1.0,1.0,0.0,1.0,0.0,1.0
6.813627254509018,-15.958155069560089,0.0,1.0,1.0,0.0,1.0,1.0,0.0,1.0,0.0,1.0
6.833667334669339,-15.958155069560089,0.0,1.0,1.0,0.0,1.0,1.0,0.0,1.0,0.0,1.0
6.853707414829659,-15.958155069560089,0.0,1.0,1.0,0.0,1.0,1.0,0.0,1.0,0.0,1.0
6.8737474949899795,-15.958155069560089,0.0,1.0,1.0,0.0,1.0,1.0,0.0,1.0,0.0,1.0
6.8937875751503,-15.958155069560089,0.0,1.0,1.0,0.0,1.0,1.0,0.0,1.0,0.0,1.0
6.913827655310621,-15.958155069560089,0.0,1.0,1.0,0.0,1.0,1.0,0.0,1.0,0.0,1.0
6.933867735470941,-15.958155069560089,0.0,1.0,1.0,0.0,1.0,1.0,0.0,1.0,0.0,1.0
6.953907815631262,-15.958155069560089,0.0,1.0,1.0,0.0,1.0,1.0,0.0,1.0,0.0,1.0
6.973947895791583,-15.958155069560089,0.0,1.0,1.0,0.0,1.0,1.0,0.0,1.0,0.0,1.0
6.993987975951904,-15.958155069560089,0.0,1.0,1.0,0.0,1.0,1.0,0.0,1.0,0.0,1.0
7.014028056112224,-15.958155069560089,0.0,1.0,1.0,0.0,1.0,1.0,0.0,1.0,0.0,1.0
7.034068136272545,-15.958155069560089,0.0,1.0,1.0,0.0,1.0,1.0,0.0,1.0,0.0,1.0
7.054108216432866,-15.958155069560089,0.0,1.0,1.0,0.0,1.0,1.0,0.0,1.0,0.0,1.0
7.074148296593186,-15.958155069560089,0.0,1.0,1.0,0.0,1.0,1.0,0.0,1.0,0.0,1.0
7.0941883767535066,-15.958155069560089,0.0,1.0,1.0,0.0,1.0,1.0,0.0,1.0,0.0,1.0
7.114228456913827,-15.958155069560089,0.0,1.0,1.0,0.0,1.0,1.0,0.0,1.0,0.0,1.0
7.134268537074148,-15.958155069560089,0.0,1.0,1.0,0.0,1.0,1.0,0.0,1.0,0.0,1.0
7.154308617234468,-15.958155069560089,0.0,1.0,1.0,0.0,1.0,1.0,0.0,1.0,0.0,1.0
7.174348697394789,-15.958155069560089,0.0,1.0,1.0,0.0,1.0,1.0,0.0,1.0,0.0,1.0
7.19438877755511,-15.958155069560089,0.0,1.0,1.0,0.0,1.0,1.0,0.0,1.0,0.0,1.0
7.214428857715431,-15.958155069560089,0.0,1.0,1.0,0.0,1.0,1.0,0.0,1.0,0.0,1.0
7.234468937875751,-15.958155069560089,0.0,1.0,1.0,0.0,1.0,1.0,0.0,1.0,0.0,1.0
7.254509018036072,-15.958155069560089,0.0,1.0,1.0,0.0,1.0,1.0,0.0,1.0,0.0,1.0
7.274549098196393,-15.958155069560089,0.0,1.0,1.0,0.0,1.0,1.0,0.0,1.0,0.0,1.0
7.294589178356713,-15.958155069560089,0.0,1.0,1.0,0.0,1.0,1.0,0.0,1.0,0.0,1.0
7.314629258517034,-15.958155069560089,0.0,1.0,1.0,0.0,1.0,1.0,0.0,1.0,0.0,1.0
7.3346693386773545,-15.958155069560089,0.0,1.0,1.0,0.0,1.0,1.0,0.0,1.0,0.0,1.0
7.354709418837675,-15.958155069560089,0.0,1.0,1.0,0.0,1.0,1.0,0.0,1.0,0.0,1.0
7.374749498997995,-15.958155069560089,0.0,1.0,1.0,0.0,1.0,1.0,0.0,1.0,0.0,1.0
7.394789579158316,-15.958155069560089,0.0,1.0,1.0,0.0,1.0,1.0,0.0,1.0,0.0,1.0
7.414829659318637,-15.958155069560089,0.0,1.0,1.0,0.0,1.0,1.0,0.0,1.0,0.0,1.0
7.434869739478958,-15.958155069560089,0.0,1.0,1.0,0.0,1.0,1.0,0.0,1.0,0.0,1.0
7.454909819639278,-15.958155069560089,0.0,1.0,1.0,0.0,1.0,1.0,0.0,1.0,0.0,1.0
7.474949899799599,-15.958155069560089,0.0,1.0,1.0,0.0,1.0,1.0,0.0,1.0,0.0,1.0
7.49498997995992,-15.958155069560089,0.0,1.0,1.0,0.0,1.0,1.0,0.0,1.0,0.0,1.0
7.51503006012024,-15.958155069560089,0.0,1.0,1.0,0.0,1.0,1.0,0.0,1.0,0.0,1.0
7.535070140280561,-15.958155069560089,0.0,1.0,1.0,0.0,1.0,1.0,0.0,1.0,0.0,1.0
7.5551102204408815,-15.958155069560089,0.0,1.0,1.0,0.0,1.0,1.0,0.0,1.0,0.0,1.0
7.575150300601202,-15.958155069560089,0.0,1.0,1.0,0.0,1.0,1.0,0.0,1.0,0.0,1.0
7.595190380761522,-15.958155069560089,0.0,1.0,1.0,0.0,1.0,1.0,0.0,1.0,0.0,1.0
7.615230460921843,-15.958155069560089,0.0,1.0,1.0,0.0,1.0,1.0,0.0,1.0,0.0,1.0
7.635270541082164,-15.958155069560089,0.0,1.0,1.0,0.0,1.0,1.0,0.0,1.0,0.0,1.0
7.655310621242485,-15.958155069560089,0.0,1.0,1.0,0.0,1.0,1.0,0.0,1.0,0.0,1.0
7.675350701402805,-15.958155069560089,0.0,1.0,1.0,0.0,1.0,1.0,0.0,1.0,0.0,1.0
7.695390781563126,-15.958155069560089,0.0,1.0,1.0,0.0,1.0,1.0,0.0,1.0,0.0,1.0
7.715430861723447,-15.958155069560089,0.0,1.0,1.0,0.0,1.0,1.0,0.0,1.0,0.0,1.0
7.735470941883767,-14.422057931172512,0.0,1.0,1.0,1.0,1.0,1.0,0.0,1.0,0.0,1.0
7.755511022044088,-15.958155069560089,0.0,1.0,1.0,0.0,1.0,1.0,0.0,1.0,0.0,1.0
7.775551102204409,-15.958155069560089,0.0,1.0,1.0,0.0,1.0,1.0,0.0,1.0,0.0,1.0
7.7955911823647295,-15.958155069560089,0.0,1.0,1.0,0.0,1.0,1.0,0.0,1.0,0.0,1.0
7.8156312625250495,-15.958155069560089,0.0,1.0,1.0,0.0,1.0,1.0,0.0,1.0,0.0,1.0
7.83567134268537,-15.958155069560089,0.0,1.0,1.0,0.0,1.0,1.0,0.0,1.0,0.0,1.0
7.855711422845691,-15.958155069560089,0.0,1.0,1.0,0.0,1.0,1.0,0.0,1.0,0.0,1.0
7.875751503006012,-15.958155069560089,0.0,1.0,1.0,0.0,1.0,1.0,0.0,1.0,0.0,1.0
7.895791583166332,-15.958155069560089,0.0,1.0,1.0,0.0,1.0,1.0,0.0,1.0,0.0,1.0
7.915831663326653,-15.958155069560089,0.0,1.0,1.0,0.0,1.0,1.0,0.0,1.0,0.0,1.0
7.935871743486974,-15.958155069560089,0.0,1.0,1.0,0.0,1.0,1.0,0.0,1.0,0.0,1.0
7.955911823647294,-15.958155069560089,0.0,1.0,1.0,0.0,1.0,1.0,0.0,1.0,0.0,1.0
7.975951903807615,-15.958155069560089,0.0,1.0,1.0,0.0,1.0,1.0,0.0,1.0,0.0,1.0
7.995991983967936,-15.958155069560089,0.0,1.0,1.0,0.0,1.0,1.0,0.0,1.0,0.0,1.0
8.016032064128256,-15.958155069560089,0.0,1.0,1.0,0.0,1.0,1.0,0.0,1.0,0.0,1.0
8.036072144288577,-15.958155069560089,0.0,1.0,1.0,0.0,1.0,1.0,0.0,1.0,0.0,1.0
8.056112224448897,-15.958155069560089,0.0,1.0,1.0,0.0,1.0,1.0,0.0,1.0,0.0,1.0
8.076152304609218,-15.958155069560089,0.0,1.0,1.0,0.0,1.0,1.0,0.0,1.0,0.0,1.0
8.09619238476954,-15.958155069560089,0.0,1.0,1.0,0.0,1.0,1.0,0.0,1.0,0.0,1.0
8.11623246492986,-15.958155069560089,0.0,1.0,1.0,0.0,1.0,1.0,0.0,1.0,0.0,1.0
8.13627254509018,-15.958155069560089,0.0,1.0,1.0,0.0,1.0,1.0,0.0,1.0,0.0,1.0
8.1563126252505,-15.958155069560089,0.0,1.0,1.0,0.0,1.0,1.0,0.0,1.0,0.0,1.0
8.176352705410821,-15.958155069560089,0.0,1.0,1.0,0.0,1.0,1.0,0.0,1.0,0.0,1.0
8.196392785571142,-15.958155069560089,0.0,1.0,1.0,0.0,1.0,1.0,0.0,1.0,0.0,1.0
8.216432865731463,-15.958155069560089,0.0,1.0,1.0,0.0,1.0,1.0,0.0,1.0,0.0,1.0
8.236472945891784,-15.958155069560089,0.0,1.0,1.0,0.0,1.0,1.0,0.0,1.0,0.0,1.0
8.256513026052104,-15.958155069560089,0.0,1.0,1.0,0.0,1.0,1.0,0.0,1.0,0.0,1.0
8.276553106212425,-15.958155069560089,0.0,1.0,1.0,0.0,1.0,1.0,0.0,1.0,0.0,1.0
8.296593186372744,-15.958155069560089,0.0,1.0,1.0,0.0,1.0,1.0,0.0,1.0,0.0,1.0
8.316633266533065,-15.958155069560089,0.0,1.0,1.0,0.0,1.0,1.0,0.0,1.0,0.0,1.0
8.336673346693386,-15.958155069560089,0.0,1.0,1.0,0.0,1.0,1.0,0.0,1.0,0.0,1.0
8.356713426853707,-15.958155069560089,0.0,1.0,1.0,0.0,1.0,1.0,0.0,1.0,0.0,1.0
8.376753507014028,-15.958155069560089,0.0,1.0,1.0,0.0,1.0,1.0,0.0,1.0,0.0,1.0
8.396793587174349,-15.958155069560089,0.0,1.0,1.0,0.0,1.0,1.0,0.0,1.0,0.0,1.0
8.41683366733467,-15.958155069560089,0.0,1.0,1.0,0.0,1.0,1.0,0.0,1.0,0.0,1.0
8.436873747494989,-15.958155069560089,0.0,1.0,1.0,0.0,1.0,1.0,0.0,1.0,0.0,1.0
8.45691382765531,-15.958155069560089,0.0,1.0,1.0,0.0,1.0,1.0,0.0,1.0,0.0,1.0
8.47695390781563,-15.958155069560089,0.0,1.0,1.0,0.0,1.0,1.0,0.0,1.0,0.0,1.0
8.496993987975952,-15.958155069560089,0.0,1.0,1.0,0.0,1.0,1.0,0.0,1.0,0.0,1.0
8.517034068136272,-15.958155069560089,0.0,1.0,1.0,0.0,1.0,1.0,0.0,1.0,0.0,1.0
8.537074148296593,-15.958155069560089,0.0,1.0,1.0,0.0,1.0,1.0,0.0,1.0,0.0,1.0
8.557114228456914,-15.958155069560089,0.0,1.0,1.0,0.0,1.0,1.0,0.0,1.0,0.0,1.0
8.577154308617233,-15.958155069560089,0.0,1.0,1.0,0.0,1.0,1.0,0.0,1.0,0.0,1.0
8.597194388777554,-15.958155069560089,0.0,1.0,1.0,0.0,1.0,1.0,0.0,1.0,0.0,1.0
8.617234468937875,-15.958155069560089,0.0,1.0,1.0,0.0,1.0,1.0,0.0,1.0,0.0,1.0
8.637274549098196,-15.958155069560089,0.0,1.0,1.0,0.0,1.0,1.0,0.0,1.0,0.0,1.0
8.657314629258517,-15.958155069560089,0.0,1.0,1.0,0.0,1.0,1.0,0.0,1.0,0.0,1.0
8.677354709418838,-15.958155069560089,0.0,1.0,1.0,0.0,1.0,1.0,0.0,1.0,0.0,1.0
8.697394789579159,-15.958155069560089,0.0,1.0,1.0,0.0,1.0,1.0,0.0,1.0,0.0,1.0
8.71743486973948,-15.958155069560089,0.0,1.0,1.0,0.0,1.0,1.0,0.0,1.0,0.0,1.0
8.737474949899799,-15.958155069560089,0.0,1.0,1.0,0.0,1.0,1.0,0.0,1.0,0.0,1.0
8.75751503006012,-15.958155069560089,0.0,1.0,1.0,0.0,1.0,1.0,0.0,1.0,0.0,1.0
8.77755511022044,-15.958155069560089,0.0,1.0,1.0,0.0,1.0,1.0,0.0,1.0,0.0,1.0
8.797595190380761,-15.958155069560089,0.0,1.0,1.0,0.0,1.0,1.0,0.0,1.0,0.0,1.0
8.817635270541082,-15.958155069560089,0.0,1.0,1.0,0.0,1.0,1.0,0.0,1.0,0.0,1.0
8.837675350701403,-15.958155069560089,0.0,1.0,1.0,0.0,1.0,1.0,0.0,1.0,0.0,1.0
8.857715430861724,-15.958155069560089,0.0,1.0,1.0,0.0,1.0,1.0,0.0,1.0,0.0,1.0
8.877755511022043,-15.958155069560089,0.0,1.0,1.0,0.0,1.0,1.0,0.0,1.0,0.0,1.0
8.897795591182364,-15.958155069560089,0.0,1.0,1.0,0.0,1.0,1.0,0.0,1.0,0.0,1.0
8.917835671342685,-15.958155069560089,0.0,1.0,1.0,0.0,1.0,1.0,0.0,1.0,0.0,1.0
8.937875751503006,-15.958155069560089,0.0,1.0,1.0,0.0,1.0,1.0,0.0,1.0,0.0,1.0
8.957915831663327,-15.958155069560089,0.0,1.0,1.0,0.0,1.0,1.0,0.0,1.0,0.0,1.0
8.977955911823647,-15.958155069560089,0.0,1.0,1.0,0.0,1.0,1.0,0.0,1.0,0.0,1.0
8.997995991983968,-15.958155069560089,0.0,1.0,1.0,0.0,1.0,1.0,0.0,1.0,0.0,1.0
9.018036072144287,-15.958155069560089,0.0,1.0,1.0,0.0,1.0,1.0,0.0,1.0,0.0,1.0
9.038076152304608,-15.958155069560089,0.0,1.0,1.0,0.0,1.0,1.0,0.0,1.0,0.0,1.0
9.05811623246493,-14.422057931172512,0.0,1.0,1.0,1.0,1.0,1.0,0.0,1.0,0.0,1.0
9.07815631262525,-15.958155069560089,0.0,1.0,1.0,0.0,1.0,1.0,0.0,1.0,0.0,1.0
9.098196392785571,-15.958155069560089,0.0,1.0,1.0,0.0,1.0,1.0,0.0,1.0,0.0,1.0
9.118236472945892,-15.958155069560089,0.0,1.0,1.0,0.0,1.0,1.0,0.0,1.0,0.0,1.0
9.138276553106213,-15.958155069560089,0.0,1.0,1.0,0.0,1.0,1.0,0.0,1.0,0.0,1.0
9.158316633266534,-15.958155069560089,0.0,1.0,1.0,0.0,1.0,1.0,0.0,1.0,0.0,1.0
9.178356713426853,-15.958155069560089,0.0,1.0,1.0,0.0,1.0,1.0,0.0,1.0,0.0,1.0
9.198396793587174,-15.958155069560089,0.0,1.0,1.0,0.0,1.0,1.0,0.0,1.0,0.0,1.0
9.218436873747494,-15.958155069560089,0.0,1.0,1.0,0.0,1.0,1.0,0.0,1.0,0.0,1.0
9.238476953907815,-15.958155069560089,0.0,1.0,1.0,0.0,1.0,1.0,0.0,1.0,0.0,1.0
9.258517034068136,-15.958155069560089,0.0,1.0,1.0,0.0,1.0,1.0,0.0,1.0,0.0,1.0
9.278557114228457,-15.958155069560089,0.0,1.0,1.0,0.0,1.0,1.0,0.0,1.0,0.0,1.0
9.298597194388778,-15.958155069560089,0.0,1.0,1.0,0.0,1.0,1.0,0.0,1.0,0.0,1.0
9.318637274549097,-15.958155069560089,0.0,1.0,1.0,0.0,1.0,1.0,0.0,1.0,0.0,1.0
9.338677354709418,-15.958155069560089,0.0,1.0,1.0,0.0,1.0,1.0,0.0,1.0,0.0,1.0
9.358717434869739,-15.958155069560089,0.0,1.0,1.0,0.0,1.0,1.0,0.0,1.0,0.0,1.0
9.37875751503006,-15.958155069560089,0.0,1.0,1.0,0.0,1.0,1.0,0.0,1.0,0.0,1.0
9.39879759519038,-15.958155069560089,0.0,1.0,1.0,0.0,1.0,1.0,0.0,1.0,0.0,1.0
9.418837675350701,-15.958155069560089,0.0,1.0,1.0,0.0,1.0,1.0,0.0,1.0,0.0,1.0
9.438877755511022,-15.958155069560089,0.0,1.0,1.0,0.0,1.0,1.0,0.0,1.0,0.0,1.0
9.458917835671341,-15.958155069560089,0.0,1.0,1.0,0.0,1.0,1.0,0.0,1.0,0.0,1.0
9.478957915831662,-15.958155069560089,0.0,1.0,1.0,0.0,1.0,1.0,0.0,1.0,0.0,1.0
9.498997995991983,-15.958155069560089,0.0,1.0,1.0,0.0,1.0,1.0,0.0,1.0,0.0,1.0
9.519038076152304,-15.958155069560089,0.0,1.0,1.0,0.0,1.0,1.0,0.0,1.0,0.0,1.0
9.539078156312625,-15.958155069560089,0.0,1.0,1.0,0.0,1.0,1.0,0.0,1.0,0.0,1.0
9.559118236472946,-15.958155069560089,0.0,1.0,1.0,0.0,1.0,1.0,0.0,1.0,0.0,1.0
9.579158316633267,-15.958155069560089,0.0,1.0,1.0,0.0,1.0,1.0,0.0,1.0,0.0,1.0
9.599198396793588,-15.958155069560089,0.0,1.0,1.0,0.0,1.0,1.0,0.0,1.0,0.0,1.0
9.619238476953907,-15.958155069560089,0.0,1.0,1.0,0.0,1.0,1.0,0.0,1.0,0.0,1.0
9.639278557114228,-15.958155069560089,0.0,1.0,1.0,0.0,1.0,1.0,0.0,1.0,0.0,1.0
9.659318637274549,-15.958155069560089,0.0,1.0,1.0,0.0,1.0,1.0,0.0,1.0,0.0,1.0
9.67935871743487,-15.958155069560089,0.0,1.0,1.0,0.0,1.0,1.0,0.0,1.0,0.0,1.0
9.69939879759519,-15.958155069560089,0.0,1.0,1.0,0.0,1.0,1.0,0.0,1.0,0.0,1.0
9.719438877755511,-15.958155069560089,0.0,1.0,1.0,0.0,1.0,1.0,0.0,1.0,0.0,1.0
9.739478957915832,-15.958155069560089,0.0,1.0,1.0,0.0,1.0,1.0,0.0,1.0,0.0,1.0
9.759519038076151,-14.422057931172512,0.0,1.0,1.0,1.0,1.0,1.0,0.0,1.0,0.0,1.0
9.779559118236472,-15.958155069560089,0.0,1.0,1.0,0.0,1.0,1.0,0.0,1.0,0.0,1.0
9.799599198396793,-15.958155069560089,0.0,1.0,1.0,0.0,1.0,1.0,0.0,1.0,0.0,1.0
9.819639278557114,-15.958155069560089,0.0,1.0,1.0,0.0,1.0,1.0,0.0,1.0,0.0,1.0
9.839679358717435,-15.958155069560089,0.0,1.0,1.0,0.0,1.0,1.0,0.0,1.0,0.0,1.0
9.859719438877756,-15.958155069560089,0.0,1.0,1.0,0.0,1.0,1.0,0.0,1.0,0.0,1.0
9.879759519038076,-15.958155069560089,0.0,1.0,1.0,0.0,1.0,1.0,0.0,1.0,0.0,1.0
9.899799599198396,-15.958155069560089,0.0,1.0,1.0,0.0,1.0,1.0,0.0,1.0,0.0,1.0
9.919839679358716,-15.958155069560089,0.0,1.0,1.0,0.0,1.0,1.0,0.0,1.0,0.0,1.0
9.939879759519037,-15.958155069560089,0.0,1.0,1.0,0.0,1.0,1.0,0.0,1.0,0.0,1.0
9.959919839679358,-15.958155069560089,0.0,1.0,1.0,0.0,1.0,1.0,0.0,1.0,0.0,1.0
9.97995991983968,-15.958155069560089,0.0,1.0,1.0,0.0,1.0,1.0,0.0,1.0,0.0,1.0
10.0,-15.958155069560089,0.0,1.0,1.0,0.0,1.0,1.0,0.0,1.0,0.0,1.0
